{
    "condition": "minecraft:any_of",
    "terms": [
      {
        "condition": "minecraft:match_tool",
        "predicate": {
          "enchantments": [
            {
              "enchantment": "minecraft:bane_of_arthropods"
            }
          ]
        }
      },
      {
        "condition": "minecraft:match_tool",
        "predicate": {
          "enchantments": [
            {
              "enchantment": "minecraft:efficiency"
            }
          ]
        }
      },
      {
        "condition": "minecraft:match_tool",
        "predicate": {
          "enchantments": [
            {
              "enchantment": "minecraft:impaling"
            }
          ]
        }
      },
      {
        "condition": "minecraft:match_tool",
        "predicate": {
          "enchantments": [
            {
              "enchantment": "minecraft:power"
            }
          ]
        }
      },
      {
        "condition": "minecraft:match_tool",
        "predicate": {
          "enchantments": [
            {
              "enchantment": "minecraft:sharpness"
            }
          ]
        }
      },
      {
        "condition": "minecraft:match_tool",
        "predicate": {
          "enchantments": [
            {
              "enchantment": "minecraft:smite"
            }
          ]
        }
      }
    ]
  }
  